<?xml version="1.0" encoding="UTF-8"?>
<schemalist>
  <schema id="org.gnome.shell.extensions.app-grid-sorter"
          path="/org/gnome/shell/extensions/app-grid-sorter/">
    <key name="sort-mode" type="s">
      <default>'manual'</default>
      <summary>Sort mode</summary>
      <description>How to sort: manual, alphabetical, usage</description>
    </key>
    <key name="show-in-quick-settings" type="b">
      <default>true</default>
      <summary>Show in Quick Settings</summary>
      <description>Show sort controls in Quick Settings menu</description>
    </key>
  </schema>
</schemalist>
